{
    "accuracy": 97.26063135924863,
    "precision": 96.63093415007657,
    "recall": 97.98136645962732
}