{
    "accuracy": 97.3910774849987,
    "precision": 97.42105263157896,
    "recall": 97.3186119873817
}